{
    "fov": 46.0,
    "pitch": -47.79999923706055,
    "position": [
        0.0,
        56.69200134277344,
        68.93399810791016
    ],
    "yaw": -90.0
}