{
    "fov": 51.00502395629883,
    "pitch": -47.79999923706055,
    "position": [
        10.853153228759766,
        15.655333518981934,
        31.724212646484375
    ],
    "yaw": -90.0
}