{
    "fov": 51.00502395629883,
    "pitch": -70,
    "position": [
        10.853153228759766,
        35.655333518981934,
        10
    ],
    "yaw": -90.0
}